1,Year,Month,Tmax,Tmin,AF,Rain,Sun,status,Date,Tmean
7,1959,1,4.4,-1.4,20,,78.1,,01/01/1959,1.5
8,1959,2,7.5,1.2,9,,66,,01/02/1959,4.35
9,1959,3,11.5,3.8,0,,98,,01/03/1959,7.65
10,1959,4,14.3,5.4,0,,146.1,,01/04/1959,9.85
11,1959,5,18.1,6.5,0,,224.8,,01/05/1959,12.3
12,1959,6,21.6,10.1,0,,252.4,,01/06/1959,15.85
13,1959,7,23.9,12.2,0,,270.7,,01/07/1959,18.05
14,1959,8,23.5,13,0,,213.4,,01/08/1959,18.25
15,1959,9,21.7,9,0,,171.3,,01/09/1959,15.35
16,1959,10,18,7.5,0,,167.6,,01/10/1959,12.75
17,1959,11,10.2,3.2,6,,59.9,,01/11/1959,6.7
18,1959,12,8.7,3.2,2,,36.7,,01/12/1959,5.95
19,1960,1,6.7,1.6,12,,36.3,,01/01/1960,4.15
20,1960,2,7.5,1.4,9,,72.7,,01/02/1960,4.45
21,1960,3,9.7,2.9,5,,61.6,,01/03/1960,6.3
22,1960,4,14,4.5,2,,162.7,,01/04/1960,9.25
23,1960,5,18.5,8.2,0,,202.6,,01/05/1960,13.35
24,1960,6,21.7,10.4,0,,260.2,,01/06/1960,16.05
25,1960,7,20.1,11.4,0,,154.7,,01/07/1960,15.75
26,1960,8,20.6,10.9,0,,159.8,,01/08/1960,15.75
27,1960,9,17.7,9.5,0,,125,,01/09/1960,13.6
28,1960,10,14,7.6,0,,71.8,,01/10/1960,10.8
29,1960,11,10.6,4.6,0,,65.4,,01/11/1960,7.6
30,1960,12,6.5,2.1,5,,48.6,,01/12/1960,4.3
31,1961,1,6.2,1,5,55.9,50.5,,01/01/1961,3.6
32,1961,2,10.3,4.3,0,50.4,65.9,,01/02/1961,7.3
33,1961,3,13.7,3.3,1,5.2,170.4,,01/03/1961,8.5
34,1961,4,14.9,6.2,0,44.5,101,,01/04/1961,10.55
35,1961,5,16.4,6.4,0,23.6,218.4,,01/05/1961,11.4
36,1961,6,21.4,9.8,0,32.7,243.2,,01/06/1961,15.6
37,1961,7,20.9,11.3,0,32.8,185.6,,01/07/1961,16.1
38,1961,8,21.3,11.6,0,50.3,182.6,,01/08/1961,16.45
39,1961,9,20.4,11.5,0,63.8,131.1,,01/09/1961,15.95
40,1961,10,15.3,7.3,0,57.8,141.4,,01/10/1961,11.3
41,1961,11,9.4,2.9,6,41.5,72.7,,01/11/1961,6.15
42,1961,12,5.5,-0.6,18,79.7,58.3,,01/12/1961,2.45
43,1962,1,7.3,0.7,9,62.3,73.5,,01/01/1962,4
44,1962,2,7.6,1.2,9,11.4,79.3,,01/02/1962,4.4
45,1962,3,6.8,-1.4,17,26.5,102.4,,01/03/1962,2.7
46,1962,4,12.3,4.1,1,38.8,139.5,,01/04/1962,8.2
47,1962,5,14.5,6.6,1,45.9,160.1,,01/05/1962,10.55
48,1962,6,19.6,8,0,0.5,289.6,,01/06/1962,13.8
49,1962,7,19.4,11,0,56,126.4,,01/07/1962,15.2
50,1962,8,19.9,11,0,55.1,182.1,,01/08/1962,15.45
51,1962,9,17.5,8.9,0,73.6,129.6,,01/09/1962,13.2
52,1962,10,14.9,6.5,1,32.5,104.4,,01/10/1962,10.7
53,1962,11,8.2,2.6,8,35.5,34.2,,01/11/1962,5.4
54,1962,12,4.6,-2.5,18,33.7,68.6,,01/12/1962,1.05
55,1963,1,-0.1,-5.7,29,24.7,58,,01/01/1963,-2.9
56,1963,2,1.2,-3.5,27,13.2,59,,01/02/1963,-1.15
57,1963,3,9.9,2.8,7,50.3,102.6,,01/03/1963,6.35
58,1963,4,13.4,4.7,3,41,124.9,,01/04/1963,9.05
59,1963,5,15.8,6.3,0,43.5,189.5,,01/05/1963,11.05
60,1963,6,20.6,10,0,43,201.8,,01/06/1963,15.3
61,1963,7,20.6,10.6,0,52.4,170.1,,01/07/1963,15.6
62,1963,8,19,10.6,0,100.4,119.6,,01/08/1963,14.8
63,1963,9,17.9,9.3,0,44.1,134,,01/09/1963,13.6
64,1963,10,14.3,8,0,48.6,78.4,,01/10/1963,11.15
65,1963,11,11.4,5.2,1,78.6,52.8,,01/11/1963,8.3
66,1963,12,5,-0.7,20,11.1,48.7,,01/12/1963,2.15
67,1964,1,5,-0.3,15,18.7,45.8,,01/01/1964,2.35
68,1964,2,7.4,1.8,8,16.6,70.8,,01/02/1964,4.6
69,1964,3,6.7,1.5,10,76.2,52.4,,01/03/1964,4.1
70,1964,4,12.9,5.1,2,59.1,113.9,,01/04/1964,9
71,1964,5,19.6,8.7,0,21.5,208.5,,01/05/1964,14.15
72,1964,6,18.7,10.4,0,94.7,150.7,,01/06/1964,14.55
73,1964,7,22.2,12.2,0,40.2,198,,01/07/1964,17.2
74,1964,8,21.6,11.5,0,21.8,200.2,,01/08/1964,16.55
75,1964,9,20.5,8.9,0,12.1,196.1,,01/09/1964,14.7
76,1964,10,13.3,4.6,0,27.1,114.2,,01/10/1964,8.95
77,1964,11,10.5,4,6,34.8,63,,01/11/1964,7.25
78,1964,12,6.5,0.1,17,37.3,48.7,,01/12/1964,3.3
79,1965,1,6.1,0.9,16,47.4,78.3,,01/01/1965,3.5
80,1965,2,5.6,0.6,10,15.1,29.1,,01/02/1965,3.1
81,1965,3,10,1.1,11,51.8,125,,01/03/1965,5.55
82,1965,4,12.9,4.2,2,42.4,122.2,,01/04/1965,8.55
83,1965,5,16.5,7.8,0,47.8,166.2,,01/05/1965,12.15
84,1965,6,19.2,9.7,0,43.2,174.8,,01/06/1965,14.45
85,1965,7,18.3,10.4,0,63.6,103.4,,01/07/1965,14.35
86,1965,8,20.3,10.2,0,65.4,174,,01/08/1965,15.25
87,1965,9,17.5,8.8,0,85.6,127,,01/09/1965,13.15
88,1965,10,15.4,6.1,2,14.8,115.1,,01/10/1965,10.75
89,1965,11,8,1.6,14,36.9,86.5,,01/11/1965,4.8
90,1965,12,7.3,1.4,8,81.7,52,,01/12/1965,4.35
91,1966,1,4.6,0.4,16,29.6,34,,01/01/1966,2.5
92,1966,2,8.8,3.3,8,56.7,43.6,,01/02/1966,6.05
93,1966,3,10.8,2.6,7,8.5,115.9,,01/03/1966,6.7
94,1966,4,11.6,4.5,2,65.4,82.2,,01/04/1966,8.05
95,1966,5,16.7,6.5,0,35.8,196.7,,01/05/1966,11.6
96,1966,6,21.5,10.8,0,56.9,181.6,,01/06/1966,16.15
97,1966,7,19.5,11.1,0,70.4,145.5,,01/07/1966,15.3
98,1966,8,20.4,10.6,0,75,186.6,,01/08/1966,15.5
99,1966,9,19,10.1,0,35,148.3,,01/09/1966,14.55
100,1966,10,14.4,7.6,0,64.7,74.9,,01/10/1966,11
101,1966,11,8.3,2.7,5,39.9,52.2,,01/11/1966,5.5
102,1966,12,8.4,2,7,69.6,39.9,,01/12/1966,5.2
103,1967,1,7.1,2,8,21.8,71.9,,01/01/1967,4.55
104,1967,2,8.9,2,7,34.7,88.3,,01/02/1967,5.45
105,1967,3,11.7,4,0,18.9,188.3,,01/03/1967,7.85
106,1967,4,12,4,3,53.1,,,01/04/1967,8
107,1967,5,15.5,6.9,1,118,178.6,,01/05/1967,11.2
108,1967,6,19.5,9.2,0,29.7,213.6,,01/06/1967,14.35
109,1967,7,23.3,12.9,0,61.4,211,,01/07/1967,18.1
110,1967,8,21.4,11.6,0,22.1,152.8,,01/08/1967,16.5
111,1967,9,18.1,10,0,39.1,110.3,,01/09/1967,14.05
112,1967,10,14.6,8.2,0,107.1,94.9,,01/10/1967,11.4
113,1967,11,8.6,2.2,8,44.9,59.4,,01/11/1967,5.4
114,1967,12,6.4,1,13,40.8,65.4,,01/12/1967,3.7
115,1968,1,6.8,0.9,13,37.2,38.2,,01/01/1968,3.85
116,1968,2,4.8,-0.5,19,17.2,40.5,,01/02/1968,2.15
117,1968,3,11.1,2.9,5,10.1,130.8,,01/03/1968,7
118,1968,4,13.6,3.7,8,36.8,172,,01/04/1968,8.65
119,1968,5,15,6,0,32.7,149.4,,01/05/1968,10.5
120,1968,6,20.1,10.3,0,75.9,172.4,,01/06/1968,15.2
121,1968,7,19.5,11.3,0,83.5,127.6,,01/07/1968,15.4
122,1968,8,19.6,11.7,0,93.8,120.8,,01/08/1968,15.65
123,1968,9,18.4,10.7,0,85.7,118.8,,01/09/1968,14.55
124,1968,10,16.1,10.1,0,42.1,64,,01/10/1968,13.1
125,1968,11,9,4.3,5,30.9,28.7,,01/11/1968,6.65
126,1968,12,4.8,0.8,10,39.8,18.8,,01/12/1968,2.8
127,1969,1,8.4,3.4,6,58.9,36.1,,01/01/1969,5.9
128,1969,2,3.5,-1.6,16,41.9,76.3,,01/02/1969,0.95
129,1969,3,6.6,0.8,6,53.9,66.4,,01/03/1969,3.7
130,1969,4,13.1,2.8,6,32,190,,01/04/1969,7.95
131,1969,5,16.4,8,0,90.7,166,,01/05/1969,12.2
132,1969,6,19.4,8.6,0,30.3,268.7,,01/06/1969,14
133,1969,7,22.9,12.5,0,44.1,213.9,,01/07/1969,17.7
134,1969,8,21,12,0,59.6,119.8,,01/08/1969,16.5
135,1969,9,18.8,10.6,1,2.4,123.4,,01/09/1969,14.7
136,1969,10,17.8,9.1,0,4.6,100,,01/10/1969,13.45
137,1969,11,8.9,2.7,5,64.3,64,,01/11/1969,5.8
138,1969,12,5.3,0.7,12,49.8,19.2,,01/12/1969,3
139,1970,1,6.3,1.4,10,52.4,30.3,,01/01/1970,3.85
140,1970,2,6.3,0.1,11,55.9,112.9,,01/02/1970,3.2
141,1970,3,7.1,-0.5,16,32.3,109,,01/03/1970,3.3
142,1970,4,10.8,3.2,5,66.4,125.4,,01/04/1970,7
143,1970,5,18.6,8.4,0,19.6,213.3,,01/05/1970,13.5
144,1970,6,22.5,10.7,0,96.5,264.8,,01/06/1970,16.6
145,1970,7,20.4,11.5,0,33.1,184.3,,01/07/1970,15.95
146,1970,8,21.5,11.1,0,33.2,181,,01/08/1970,16.3
147,1970,9,19.9,10.6,0,44.2,161.3,,01/09/1970,15.25
148,1970,10,15.5,7.3,0,20.3,105.8,,01/10/1970,11.4
149,1970,11,,4.9,2,117.8,60,,01/11/1970,
150,1970,12,6.6,1.5,12,34.6,37.8,,01/12/1970,4.05
151,1971,1,7.1,2,9,71.6,39.6,,01/01/1971,4.55
152,1971,2,7.9,1.5,7,11.8,76.6,,01/02/1971,4.7
153,1971,3,8.4,1.6,9,41.2,101.8,,01/03/1971,5
154,1971,4,11.5,4,2,30.3,119.6,,01/04/1971,7.75
155,1971,5,17.2,6.3,2,51.9,239.8,,01/05/1971,11.75
156,1971,6,16.9,9.1,0,96.4,131,,01/06/1971,13
157,1971,7,22.5,12.2,0,16.3,238.3,,01/07/1971,17.35
158,1971,8,20.8,12.2,0,57.4,147.2,,01/08/1971,16.5
159,1971,9,20.1,8.5,0,21.4,173.1,,01/09/1971,14.3
160,1971,10,16.5,5.7,1,65,150.4,,01/10/1971,11.1
161,1971,11,9.5,1.7,11,61.9,96.4,,01/11/1971,5.6
162,1971,12,8.9,3.7,2,17,39.5,,01/12/1971,6.3
163,1972,1,6,1.6,8,46,48.6,,01/01/1972,3.8
164,1972,2,7.5,1.6,5,32.7,46.1,,01/02/1972,4.55
165,1972,3,11.8,2,5,42.1,150,,01/03/1972,6.9
166,1972,4,12.1,5.1,0,43.9,136.1,,01/04/1972,8.6
167,1972,5,15.7,6.8,0,26,205.2,,01/05/1972,11.25
168,1972,6,17.4,8.1,0,22.7,190,,01/06/1972,12.75
169,1972,7,20.9,11.4,0,26.8,167,,01/07/1972,16.15
170,1972,8,20.8,10.9,0,37.6,189.1,,01/08/1972,15.85
171,1972,9,16.4,8.1,0,29.9,121.4,,01/09/1972,12.25
172,1972,10,15.3,6.5,1,7.8,108.1,,01/10/1972,10.9
173,1972,11,9.6,3.2,7,48.9,83.3,,01/11/1972,6.4
174,1972,12,8.6,2.6,2,39,49.8,,01/12/1972,5.6
175,1973,1,6.9,1.8,8,14.8,39.7,,01/01/1973,4.35
176,1973,2,7.8,0.9,11,19.8,88.5,,01/02/1973,4.35
177,1973,3,11.1,2,4,10.4,134.4,,01/03/1973,6.55
178,1973,4,12,3.2,3,42.5,166,,01/04/1973,7.6
179,1973,5,16.7,7.2,0,66.5,200.8,,01/05/1973,11.95
180,1973,6,21.2,9.7,0,,273.1,,01/06/1973,15.45
181,1973,7,20.9,11.5,0,36.4,165.5,,01/07/1973,16.2
182,1973,8,23.1,11.9,0,18.4,198.1,,01/08/1973,17.5
183,1973,9,20.1,10.2,0,57.5,170.5,,01/09/1973,15.15
184,1973,10,13.3,5.2,2,25.9,110.4,,01/10/1973,9.25
185,1973,11,9.5,1.7,10,30.1,104.9,,01/11/1973,5.6
186,1973,12,8,1.8,8,29.5,57.3,,01/12/1973,4.9
187,1974,1,,2.7,3,46.2,66.4,,01/01/1974,
188,1974,2,8.6,2.7,5,47.7,73.7,,01/02/1974,5.65
189,1974,3,9.6,2.6,3,16.2,100.8,,01/03/1974,6.1
190,1974,4,13.4,2.9,3,10.3,152.8,,01/04/1974,8.15
191,1974,5,16.2,6.1,0,22.3,226,,01/05/1974,11.15
192,1974,6,19.3,9.5,0,52.8,209.3,,01/06/1974,14.4
193,1974,7,20.1,11.1,0,29.1,215.3,,01/07/1974,15.6
194,1974,8,20.8,11,0,89.9,206.4,,01/08/1974,15.9
195,1974,9,16.9,8.7,0,71.2,171.4,,01/09/1974,12.8
196,1974,10,10.7,4.7,1,88.2,96.8,,01/10/1974,7.7
197,1974,11,,4.1,1,126.1,58.3,,01/11/1974,
198,1974,12,10.6,5.7,0,28.3,52,,01/12/1974,8.15
199,1975,1,10.1,3.9,3,51.9,38,,01/01/1975,7
200,1975,2,8.3,1.2,10,25.2,53.7,,01/02/1975,4.75
201,1975,3,7.8,2.3,7,92.4,70.8,,01/03/1975,5.05
202,1975,4,12.6,4.6,5,79.7,128.6,,01/04/1975,8.6
203,1975,5,14.4,5.9,0,48.5,180.6,,01/05/1975,10.15
204,1975,6,20.8,8.8,0,18,282.3,,01/06/1975,14.8
205,1975,7,23.4,12.6,0,27.4,222,,01/07/1975,18
206,1975,8,25.3,13.5,0,26.2,234.3,,01/08/1975,19.4
207,1975,9,19.4,9.4,0,69.8,162.5,,01/09/1975,14.4
208,1975,10,14.2,6.3,0,6.4,126.6,,01/10/1975,10.25
209,1975,11,9.1,2.4,9,37.6,70.6,,01/11/1975,5.75
210,1975,12,7.4,1.7,10,28.1,30.5,,01/12/1975,4.55
211,1976,1,8.3,3.1,9,29.2,52.9,,01/01/1976,5.7
212,1976,2,7.2,1.5,9,14.4,53.5,,01/02/1976,4.35
213,1976,3,9,0.9,12,15.7,116,,01/03/1976,4.95
214,1976,4,12.9,3.9,4,21.4,175,,01/04/1976,8.4
215,1976,5,17.9,7.6,0,31.1,197.8,,01/05/1976,12.75
216,1976,6,24.5,11.4,0,8.3,277.8,,01/06/1976,17.95
217,1976,7,25.7,12.4,0,36.2,282.2,,01/07/1976,19.05
218,1976,8,24.2,10.7,0,33.2,238.2,,01/08/1976,17.45
219,1976,9,18.1,9.7,0,72.7,117.1,,01/09/1976,13.9
220,1976,10,14.4,8.2,0,85.2,57.3,,01/10/1976,11.3
221,1976,11,9.3,3.4,2,76.3,71.9,,01/11/1976,6.35
222,1976,12,4.5,-0.4,13,74.6,61.2,,01/12/1976,2.05
223,1977,1,5.3,0.6,12,45.7,43.5,,01/01/1977,2.95
224,1977,2,9,2.6,3,64.7,65.1,,01/02/1977,5.8
225,1977,3,11,3.6,5,33.7,98.8,,01/03/1977,7.3
226,1977,4,12.2,3.3,8,29.2,173.5,,01/04/1977,7.75
227,1977,5,15.7,5.5,0,39.9,236.8,,01/05/1977,10.6
228,1977,6,16.6,7.3,0,53.9,138.5,,01/06/1977,11.95
229,1977,7,21.3,10.2,0,4.7,208.7,,01/07/1977,15.75
230,1977,8,20,10.1,0,128,149.9,,01/08/1977,15.05
231,1977,9,18.1,9.3,0,13.7,126.5,,01/09/1977,13.7
232,1977,10,16.2,8,0,21.2,120,,01/10/1977,12.1
233,1977,11,9.6,3.7,4,48.3,86.9,,01/11/1977,6.65
234,1977,12,9,3.9,3,51.6,48.8,,01/12/1977,6.45
235,1978,1,5.9,-0.7,15,61.5,39.6,,01/01/1978,2.6
236,1978,2,5.4,0.1,14,39,54.4,,01/02/1978,2.75
237,1978,3,11.1,3.2,2,58.9,116.1,,01/03/1978,7.15
238,1978,4,10.3,2.6,4,44.7,103.2,,01/04/1978,6.45
239,1978,5,16,6.1,0,77.9,187.4,,01/05/1978,11.05
240,1978,6,18.9,9.3,0,45.9,154.8,,01/06/1978,14.1
241,1978,7,19.4,10.4,0,36.9,112.7,,01/07/1978,14.9
242,1978,8,20.2,11.1,0,32.8,137.1,,01/08/1978,15.65
243,1978,9,19.3,10.8,0,40.2,163.1,,01/09/1978,15.05
244,1978,10,16.3,8.6,0,5.2,98.7,,01/10/1978,12.45
245,1978,11,11.7,5,5,13.7,84.9,,01/11/1978,8.35
246,1978,12,6.7,1.6,10,99.3,37.2,,01/12/1978,4.15
247,1979,1,2.5,-3,23,42.8,56.4,,01/01/1979,-0.25
248,1979,2,3.5,-1.3,19,46.3,44,,01/02/1979,1.1
249,1979,3,8.4,1.8,3,84.2,94.1,,01/03/1979,5.1
250,1979,4,12.1,4.2,1,33.2,113.8,,01/04/1979,8.15
251,1979,5,15.9,6.6,1,94.6,201.1,,01/05/1979,11.25
252,1979,6,18.9,9.8,0,13.3,177.8,,01/06/1979,14.35
253,1979,7,21.8,11.8,0,11.9,178.2,,01/07/1979,16.8
254,1979,8,20.4,11,0,74.7,170.7,,01/08/1979,15.7
255,1979,9,19.3,9.6,0,18.8,181,,01/09/1979,14.45
256,1979,10,15.5,7.2,0,61.4,120,,01/10/1979,11.35
257,1979,11,10,3.2,3,43.1,68.1,,01/11/1979,6.6
258,1979,12,8.8,3.3,4,104,62.4,,01/12/1979,6.05
259,1980,1,5.6,-0.2,12,33.7,65,,01/01/1980,2.7
260,1980,2,9.1,2.6,6,42.9,49.1,,01/02/1980,5.85
261,1980,3,8.5,1.8,7,57.5,80.5,,01/03/1980,5.15
262,1980,4,13.3,4,2,17.9,160.8,,01/04/1980,8.65
263,1980,5,16.4,5.7,2,7.6,229.6,,01/05/1980,11.05
264,1980,6,19.3,10.2,0,77.2,195.8,,01/06/1980,14.75
265,1980,7,19.3,10.8,0,55.9,161.8,,01/07/1980,15.05
266,1980,8,21.3,12.1,0,56.4,155.3,,01/08/1980,16.7
267,1980,9,19.5,11.1,0,13.4,155.6,,01/09/1980,15.3
268,1980,10,13.3,5.4,3,58.3,136.5,,01/10/1980,9.35
269,1980,11,8.9,3.7,4,41.2,55.7,,01/11/1980,6.3
270,1980,12,8.2,2.2,8,29.6,64.7,,01/12/1980,5.2
271,1981,1,7.4,1.7,12,35.8,50.4,,01/01/1981,4.55
272,1981,2,6.1,-0.2,17,15.8,62.6,,01/02/1981,2.95
273,1981,3,11,5.6,0,97.2,60.1,,01/03/1981,8.3
274,1981,4,11.7,3.8,3,56,143.3,,01/04/1981,7.75
275,1981,5,15.8,7.4,1,58.2,152.6,,01/05/1981,11.6
276,1981,6,18.1,9.7,0,14.2,165,,01/06/1981,13.9
277,1981,7,20.8,11.7,0,73.5,161.6,,01/07/1981,16.25
278,1981,8,21.7,11.9,0,27.3,180,,01/08/1981,16.8
279,1981,9,19.9,10.6,0,62.1,170.8,,01/09/1981,15.25
280,1981,10,12.4,5.5,2,72,140.3,,01/10/1981,8.95
281,1981,11,10.9,4.5,2,27.2,65.2,,01/11/1981,7.7
282,1981,12,3,-2.7,19,31.2,39.6,,01/12/1981,0.15
283,1982,1,5.6,-1.1,14,35.2,51.7,,01/01/1982,2.25
284,1982,2,7.9,1.8,6,20.3,47.3,,01/02/1982,4.85
285,1982,3,10.5,2.3,4,42.8,169.9,,01/03/1982,6.4
286,1982,4,13.4,3.9,4,10,160.6,,01/04/1982,8.65
287,1982,5,17.3,6.4,1,51.1,252.6,,01/05/1982,11.85
288,1982,6,20.2,11.9,0,107.4,163.6,,01/06/1982,16.05
289,1982,7,21.8,12.2,0,53.1,184.3,,01/07/1982,17
290,1982,8,21.3,12,0,72.3,187.8,,01/08/1982,16.65
291,1982,9,19.9,10.3,0,53.8,162.3,,01/09/1982,15.1
292,1982,10,13.6,7.5,0,125.8,82.9,,01/10/1982,10.55
293,1982,11,10.6,5.6,4,65.8,63.3,,01/11/1982,8.1
294,1982,12,7.2,1.1,14,48.9,56.6,,01/12/1982,4.15
295,1983,1,9.5,3.9,2,36.6,62,,01/01/1983,6.7
296,1983,2,4.5,-1,17,42.7,95.2,,01/02/1983,1.75
297,1983,3,10.2,3.2,1,35.4,87.8,,01/03/1983,6.7
298,1983,4,11.6,3,3,86.2,147.9,,01/04/1983,7.3
299,1983,5,,6.7,0,101.8,147,,01/05/1983,
300,1983,6,,10.2,0,33.3,193.1,,01/06/1983,
301,1983,7,25.8,13.5,0,48.6,242.4,,01/07/1983,19.65
302,1983,8,23.4,12.6,0,10.5,220.8,,01/08/1983,18
303,1983,9,18.2,10.9,0,70.3,127.1,,01/09/1983,14.55
304,1983,10,14.7,7.1,3,33.5,134.7,,01/10/1983,10.9
305,1983,11,10.4,4.8,6,45.4,38.8,,01/11/1983,7.6
306,1983,12,8.3,2.8,8,35.8,60.9,,01/12/1983,5.55
307,1984,1,6.9,0.6,9,61.9,96.5,,01/01/1984,3.75
308,1984,2,6.2,0.6,8,42,67,,01/02/1984,3.4
309,1984,3,8,1.9,4,31,44.9,,01/03/1984,4.95
310,1984,4,13.4,2,5,13.6,231,,01/04/1984,7.7
311,1984,5,14,5.1,0,76.1,130.3,,01/05/1984,9.55
312,1984,6,19.5,10,0,48.9,210,,01/06/1984,14.75
313,1984,7,22.3,11.2,0,15,213.6,,01/07/1984,16.75
314,1984,8,23.6,12.4,0,60.9,199.1,,01/08/1984,18
315,1984,9,17.5,10.5,0,113.3,103.5,,01/09/1984,14
316,1984,10,15.6,7.6,0,48.9,113.5,,01/10/1984,11.6
317,1984,11,11.2,5.9,0,87.6,49,,01/11/1984,8.55
318,1984,12,8.2,2.6,9,35.1,67.5,,01/12/1984,5.4
319,1985,1,3.4,-2.2,23,37.3,40.7,,01/01/1985,0.6
320,1985,2,4.9,-1.9,13,14.6,79,,01/02/1985,1.5
321,1985,3,,1.1,10,45.8,97.8,,01/03/1985,
322,1985,4,,4.9,2,31.2,139.3,,01/04/1985,
323,1985,5,,7.1,0,49,132.7,,01/05/1985,
324,1985,6,,8.7,0,107,142.9,,01/06/1985,
325,1985,7,21.8,12.4,0,38.5,194.4,,01/07/1985,17.1
326,1985,8,20.1,11.2,0,50.9,158.4,,01/08/1985,15.65
327,1985,9,20.1,10.6,0,18.6,123.1,,01/09/1985,15.35
328,1985,10,15.6,7.3,1,12.4,111.9,,01/10/1985,11.45
329,1985,11,7.1,1.1,11,35.3,93.3,,01/11/1985,4.1
330,1985,12,9.2,4.8,4,73.1,29,,01/12/1985,7
331,1986,1,6.3,0.8,9,50.2,75,,01/01/1986,3.55
332,1986,2,0.8,-4,24,10.4,60.2,,01/02/1986,-1.6
333,1986,3,9.3,1.3,8,43.2,,,01/03/1986,5.3
334,1986,4,9.8,,,63.6,116.3,,01/04/1986,
335,1986,5,16.3,7.4,0,74.7,189.8,,01/05/1986,11.85
336,1986,6,20.7,9.6,0,13.2,200.8,,01/06/1986,15.15
337,1986,7,21.7,12,0,43.3,172.3,,01/07/1986,16.85
338,1986,8,19.1,10.4,0,70.9,137.8,,01/08/1986,14.75
339,1986,9,17.1,6.5,0,29.3,166.9,,01/09/1986,11.8
340,1986,10,15.6,6.4,1,69.7,114.6,,01/10/1986,11
341,1986,11,11,4.4,1,54.5,75.9,,01/11/1986,7.7
342,1986,12,9,2.7,3,54.2,62.8,,01/12/1986,5.85
343,1987,1,2.8,-2.1,22,9.5,44.5,,01/01/1987,0.35
344,1987,2,,-0.1,16,27.8,58.1,,01/02/1987,
345,1987,3,,0,17,44.9,97.4,,01/03/1987,
346,1987,4,15.2,5.6,0,42.9,151.5,,01/04/1987,10.4
347,1987,5,14.9,5.3,0,46.9,166.8,,01/05/1987,10.1
348,1987,6,17.5,9.2,0,93.5,106.6,,01/06/1987,13.35
349,1987,7,20.6,11.9,0,70.2,148.1,,01/07/1987,16.25
350,1987,8,20.5,11.7,0,71.9,130.8,,01/08/1987,16.1
351,1987,9,18.8,10.1,0,30.5,151.5,,01/09/1987,14.45
352,1987,10,14.1,6.1,2,116.4,120.7,,01/10/1987,10.1
353,1987,11,9,4,2,39.9,42,,01/11/1987,6.5
354,1987,12,8.2,3.3,6,23.5,29.3,,01/12/1987,5.75
355,1988,1,8,2.7,6,100.3,58.1,,01/01/1988,5.35
356,1988,2,7.9,2,5,20.9,123,,01/02/1988,4.95
357,1988,3,9.7,3.1,4,59.3,86.6,,01/03/1988,6.4
358,1988,4,,4.1,5,37.2,118.8,,01/04/1988,
359,1988,5,17,7.5,0,38.7,162.5,,01/05/1988,12.25
360,1988,6,18.3,9.9,0,48.1,141.6,,01/06/1988,14.1
361,1988,7,19.4,11.7,0,94.6,153.4,,01/07/1988,15.55
362,1988,8,21.4,11.4,0,46.8,191.6,,01/08/1988,16.4
363,1988,9,,10,0,45.8,137.9,,01/09/1988,
364,1988,10,,7.8,3,42.7,103.5,,01/10/1988,
365,1988,11,,1.2,13,31,79.5,,01/11/1988,
366,1988,12,9.6,4.9,0,23.6,45.6,,01/12/1988,7.25
367,1989,1,8.9,3.1,4,25.8,73.7,,01/01/1989,6
368,1989,2,9.6,2.6,5,47.5,103.5,,01/02/1989,6.1
369,1989,3,12.3,4.1,2,40,98.1,,01/03/1989,8.2
370,1989,4,10.6,3.1,2,75.8,123.7,,01/04/1989,6.85
371,1989,5,19.7,7.2,0,6.1,269.1,,01/05/1989,13.45
372,1989,6,21.2,9.5,0,40.5,215.8,,01/06/1989,15.35
373,1989,7,24.8,13.2,0,43,225.5,,01/07/1989,19
374,1989,8,24.1,12.1,0,28.8,238.2,,01/08/1989,18.1
375,1989,9,20.5,11.8,0,17.7,116.6,,01/09/1989,16.15
376,1989,10,16.5,9.1,0,32.2,94.9,,01/10/1989,12.8
377,1989,11,9.9,2.5,6,35.3,98.3,,01/11/1989,6.2
378,1989,12,8.3,3.1,5,125.4,22.9,,01/12/1989,5.7
379,1990,1,9.8,4,0,43.8,64.7,,01/01/1990,6.9
380,1990,2,11.4,4.7,1,71.1,102,,01/02/1990,8.05
381,1990,3,,4.7,3,23.2,153.2,,01/03/1990,
382,1990,4,13.5,3.1,7,28.2,206.3,,01/04/1990,8.3
383,1990,5,19.1,6.7,0,6.2,225.7,,01/05/1990,12.9
384,1990,6,19.2,9.8,0,30.1,112.5,,01/06/1990,14.5
385,1990,7,23.7,11.5,0,16.9,224.8,,01/07/1990,17.6
386,1990,8,25.7,13.6,0,21.1,230.8,,01/08/1990,19.65
387,1990,9,18.6,8.9,0,37.3,136.8,,01/09/1990,13.75
388,1990,10,16.2,9.5,0,43.7,126.3,,01/10/1990,12.85
389,1990,11,9.8,4.5,1,40.5,40.6,,01/11/1990,7.15
390,1990,12,6.9,2.3,5,45.8,43.1,,01/12/1990,4.6
391,1991,1,6.2,1.2,8,29.9,75.6,,01/01/1991,3.7
392,1991,2,4.6,-1.8,20,23,45.3,,01/02/1991,1.4
393,1991,3,12,4.7,2,37.9,100.3,,01/03/1991,8.35
394,1991,4,12.4,4,3,42.9,147.1,,01/04/1991,8.2
395,1991,5,14.7,6.6,1,13.9,114.5,,01/05/1991,10.65
396,1991,6,16.7,8.8,0,97.6,113.5,,01/06/1991,12.75
397,1991,7,22.9,13.1,0,32.1,192.7,,01/07/1991,18
398,1991,8,23.7,12.8,0,41.2,209.8,,01/08/1991,18.25
399,1991,9,20.5,,,46.5,176.1,,01/09/1991,
400,1991,10,14.1,6.9,1,18.5,88.9,,01/10/1991,10.5
401,1991,11,9.8,4.2,3,54.9,51,,01/11/1991,7
402,1991,12,7.3,1.2,12,11.9,43.8,,01/12/1991,4.25
403,1992,1,6.4,1.4,10,67.8,49.5,,01/01/1992,3.9
404,1992,2,9.2,2,8,14,56.1,,01/02/1992,5.6
405,1992,3,11.1,4.6,0,58,74,,01/03/1992,7.85
406,1992,4,13.2,4.9,1,40.7,115.7,,01/04/1992,9.05
407,1992,5,19.8,8.1,0,34.3,234.2,,01/05/1992,13.95
408,1992,6,21.7,10.7,0,35.8,185.2,,01/06/1992,16.2
409,1992,7,21.8,13.1,0,54.4,138.8,,01/07/1992,17.45
410,1992,8,21.2,12.2,0,72.4,163,,01/08/1992,16.7
411,1992,9,18.4,10,0,82,127.7,,01/09/1992,14.2
412,1992,10,11.5,5.1,0,91.6,97.9,,01/10/1992,8.3
413,1992,11,10.8,4.2,1,78.2,62.5,,01/11/1992,7.5
414,1992,12,6.4,0.5,15,31.6,42.5,,01/12/1992,3.45
415,1993,1,9.6,2.9,5,51.3,39.8,,01/01/1993,6.25
416,1993,2,6.6,2.3,3,11.6,37.4,,01/02/1993,4.45
417,1993,3,10.7,3.1,7,19.9,125,,01/03/1993,6.9
418,1993,4,13.4,6.3,0,78.4,108.4,,01/04/1993,9.85
419,1993,5,17.2,7.6,0,47.9,185.7,,01/05/1993,12.4
420,1993,6,20.4,10.5,0,86,186.6,,01/06/1993,15.45
421,1993,7,20.5,11.5,0,54.4,169.1,,01/07/1993,16
422,1993,8,20.5,10.6,0,37.5,196.3,,01/08/1993,15.55
423,1993,9,16.7,9.6,0,67.4,95.1,,01/09/1993,13.15
424,1993,10,12.1,6.2,5,88.9,107.6,,01/10/1993,9.15
425,1993,11,7.9,2.1,11,53.5,59.3,,01/11/1993,5
426,1993,12,8.5,2.6,5,78.3,43.5,,01/12/1993,5.55
427,1994,1,8.5,2.3,7,70.5,66.6,,01/01/1994,5.4
428,1994,2,6.7,0,13,34.4,82.8,,01/02/1994,3.35
429,1994,3,11.7,4.2,0,36.1,134.1,,01/03/1994,7.95
430,1994,4,12.4,4.3,3,67.3,164.5,,01/04/1994,8.35
431,1994,5,15.1,7.1,0,44.1,135.9,,01/05/1994,11.1
432,1994,6,20.3,10.3,0,20,219.6,,01/06/1994,15.3
433,1994,7,25.8,13.1,0,23,222.1,,01/07/1994,19.45
434,1994,8,22.1,13,0,36.4,176.9,,01/08/1994,17.55
435,1994,9,16.6,10.1,0,72.1,103.2,,01/09/1994,13.35
436,1994,10,13.9,7.9,0,74.9,108.2,,01/10/1994,10.9
437,1994,11,12.6,7,1,27.3,36.6,,01/11/1994,9.8
438,1994,12,,2.5,10,41.7,66.7,,01/12/1994,
439,1995,1,,1.7,6,86.5,56.9,,01/01/1995,
440,1995,2,9.6,3.3,2,63.1,84.4,,01/02/1995,6.45
441,1995,3,9.9,1.6,12,50.8,185.8,,01/03/1995,5.75
442,1995,4,13.9,4.5,4,10.2,161.7,,01/04/1995,9.2
443,1995,5,17.9,6.2,1,24.4,202.5,,01/05/1995,12.05
444,1995,6,18.7,9.3,0,17.3,159.7,,01/06/1995,14
445,1995,7,25.8,13.4,0,27.1,234.9,,01/07/1995,19.6
446,1995,8,25.7,13.1,0,5.3,243.7,,01/08/1995,19.4
447,1995,9,18,10.4,0,105.4,114.8,,01/09/1995,14.2
448,1995,10,17.6,9.5,1,12.7,149.4,,01/10/1995,13.55
449,1995,11,10.9,5,3,29.4,67.3,,01/11/1995,7.95
450,1995,12,4.3,,,63.9,29.5,,01/12/1995,
451,1996,1,5.8,1.7,8,33.2,21.9,,01/01/1996,3.75
452,1996,2,5.4,-1,18,45.8,82.6,,01/02/1996,2.2
453,1996,3,7.2,1,9,19.5,59.7,,01/03/1996,4.1
454,1996,4,13.7,3.8,6,4.5,148.9,,01/04/1996,8.75
455,1996,5,13.9,4.3,6,19.8,155.8,,01/05/1996,9.1
456,1996,6,21.5,9.4,0,12.4,225.6,,01/06/1996,15.45
457,1996,7,23.2,11.7,0,40.5,207.4,,01/07/1996,17.45
458,1996,8,22.6,12.6,0,63.9,176.3,,01/08/1996,17.6
459,1996,9,18.4,10.1,0,5.6,130.8,,01/09/1996,14.25
460,1996,10,15.9,8.2,0,31.2,143,,01/10/1996,12.05
461,1996,11,9.3,2.7,12,70.9,92.1,,01/11/1996,6
462,1996,12,5.1,0.3,15,30.2,52.5,,01/12/1996,2.7
463,1997,1,4.7,-1.2,22,11.6,51.8,,01/01/1997,1.75
464,1997,2,10.5,3.5,3,38.7,60,,01/02/1997,7
465,1997,3,13,4.9,0,7,144.8,,01/03/1997,8.95
466,1997,4,13.9,3.9,4,12.5,159.3,,01/04/1997,8.9
467,1997,5,17.6,6.5,1,36.8,222.4,,01/05/1997,12.05
468,1997,6,18.9,11,0,151,135.7,,01/06/1997,14.95
469,1997,7,22.3,11.6,0,25.9,199.3,,01/07/1997,16.95
470,1997,8,26.3,14.1,0,60.5,188.2,,01/08/1997,20.2
471,1997,9,19.9,10.3,0,15,162.4,,01/09/1997,15.1
472,1997,10,14.7,5.8,7,45.1,146.7,,01/10/1997,10.25
473,1997,11,11.7,5.1,4,40.4,48.3,,01/11/1997,8.4
474,1997,12,8.5,3,7,62.4,39.7,,01/12/1997,5.75
475,1998,1,8.1,2.5,6,48.1,46.8,,01/01/1998,5.3
476,1998,2,11.2,3.2,4,4.8,119.9,,01/02/1998,7.2
477,1998,3,11.5,4.6,3,45.2,73.8,,01/03/1998,8.05
478,1998,4,11.9,5.5,1,120.4,111.2,,01/04/1998,8.7
479,1998,5,18.2,7.1,0,6.4,183.6,,01/05/1998,12.65
480,1998,6,18.9,10.8,0,101.9,132.5,,01/06/1998,14.85
481,1998,7,20.8,11.7,0,25.7,144,,01/07/1998,16.25
482,1998,8,22.6,11.1,0,16,201.5,,01/08/1998,16.85
483,1998,9,19.4,11.9,0,104,121.5,,01/09/1998,15.65
484,1998,10,14,8.1,1,77.3,102.2,,01/10/1998,11.05
485,1998,11,8.4,2.4,6,55.1,66.4,,01/11/1998,5.4
486,1998,12,8.7,2.4,10,59.8,37.5,,01/12/1998,5.55
487,1999,1,9.1,2.4,6,50.2,68.6,,01/01/1999,5.75
488,1999,2,8.2,1.8,9,36.1,96.6,,01/02/1999,5
489,1999,3,11.7,4,2,40.9,103.4,,01/03/1999,7.85
490,1999,4,14.3,5.2,3,33,153.8,,01/04/1999,9.75
491,1999,5,18.3,8.3,0,49.8,161.4,,01/05/1999,13.3
492,1999,6,19.2,9.7,0,89,197.9,,01/06/1999,14.45
493,1999,7,24.5,12.5,0,24.5,233.2,,01/07/1999,18.5
494,1999,8,21.6,12.4,0,92.5,138.7,,01/08/1999,17
495,1999,9,21.3,11.9,0,76.4,148.5,,01/09/1999,16.6
496,1999,10,14.9,7.3,0,43.7,137,,01/10/1999,11.1
497,1999,11,10.6,5.1,0,25.3,63.3,,01/11/1999,7.85
498,1999,12,7.8,1.8,8,63.1,76.1,,01/12/1999,4.8
499,2000,1,8.1,1.8,11,20.5,78.6,,01/01/2000,4.95
500,2000,2,9.8,2.8,5,50.7,106.4,,01/02/2000,6.3
501,2000,3,11.2,4,2,14.6,109.2,,01/03/2000,7.6
502,2000,4,12.4,4.5,4,85.9,138,,01/04/2000,8.45
503,2000,5,16.8,8.5,0,83.8,161.2,,01/05/2000,12.65
504,2000,6,20.5,11.3,0,17.5,162,,01/06/2000,15.9
505,2000,7,20.1,11.8,0,60.7,126.9,,01/07/2000,15.95
506,2000,8,23.1,12.6,0,21.1,207.7,,01/08/2000,17.85
507,2000,9,20,12.6,0,68.1,126.5,,01/09/2000,16.3
508,2000,10,14,8,0,108,98.7,,01/10/2000,11
509,2000,11,10.4,3.8,2,108.8,69.6,,01/11/2000,7.1
510,2000,12,8.1,3.5,9,59.6,50,,01/12/2000,5.8
511,2001,1,6.1,0.4,14,47.2,83.8,,01/01/2001,3.25
512,2001,2,8.2,0.9,14,72.4,77.2,,01/02/2001,4.55
513,2001,3,9,2,8,77.4,87.7,,01/03/2001,5.5
514,2001,4,12.1,3.9,1,62.6,132,,01/04/2001,8
515,2001,5,18.5,7.2,0,17.5,220.7,,01/05/2001,12.85
516,2001,6,19.9,9.6,0,22.8,194,,01/06/2001,14.75
517,2001,7,23.1,13.2,0,55.1,178.7,,01/07/2001,18.15
518,2001,8,22.9,13.3,0,65.8,180.5,,01/08/2001,18.1
519,2001,9,17.3,10.1,0,68.9,114.9,,01/09/2001,13.7
520,2001,10,17.3,10.9,0,128.9,107.7,,01/10/2001,14.1
521,2001,11,10.6,4,4,36.4,73.7,,01/11/2001,7.3
522,2001,12,6.2,0.4,18,19.3,72,,01/12/2001,3.3
523,2002,1,8.9,2.6,8,33,48.8,,01/01/2002,5.75
524,2002,2,10.7,3.7,4,50.4,82.5,,01/02/2002,7.2
525,2002,3,12,3,7,30.6,122.9,,01/03/2002,7.5
526,2002,4,14.7,4.2,2,33.4,196.2,,01/04/2002,9.45
527,2002,5,16.6,7.9,0,53.5,180.2,,01/05/2002,12.25
528,2002,6,20.1,10.3,0,28.5,182.1,,01/06/2002,15.2
529,2002,7,22,12.3,0,94.6,172.2,,01/07/2002,17.15
530,2002,8,22.9,13.2,0,42,143.8,,01/08/2002,18.05
531,2002,9,19.6,10,0,23.5,147.6,,01/09/2002,14.8
532,2002,10,14.3,6.7,0,67.7,94.4,,01/10/2002,10.5
533,2002,11,11.4,5.7,2,85.9,47.3,,01/11/2002,8.55
534,2002,12,8.2,,,85.1,20.4,,01/12/2002,
535,2003,1,7,1.6,12,78.6,53,,01/01/2003,4.3
536,2003,2,7.8,0.8,12,12.9,101.5,,01/02/2003,4.3
537,2003,3,12.9,2.4,8,13.7,164,,01/03/2003,7.65
538,2003,4,15.1,4.5,4,24.2,178.3,,01/04/2003,9.8
539,2003,5,17.5,7.5,0,39.9,190,,01/05/2003,12.5
540,2003,6,22.1,11.5,0,60.7,210,,01/06/2003,16.8
541,2003,7,23.7,13.3,0,66.8,184.6,,01/07/2003,18.5
542,2003,8,25.3,13.3,0,2,214.1,,01/08/2003,19.3
543,2003,9,21.3,8.9,0,15.7,196.3,,01/09/2003,15.1
544,2003,10,14,4.8,1,30,141.8,,01/10/2003,9.4
545,2003,11,11.7,5.9,1,80.8,72.9,,01/11/2003,8.8
546,2003,12,8.1,2.3,7,46,57.8,,01/12/2003,5.2
547,2004,1,8.1,2.7,7,69.6,49.2,,01/01/2004,5.4
548,2004,2,8.1,3.3,11,34.3,72.6,,01/02/2004,5.7
549,2004,3,10.5,3.2,3,24.7,96.2,,01/03/2004,6.85
550,2004,4,14.2,5.5,0,41.4,138.9,,01/04/2004,9.85
551,2004,5,16.9,7.9,0,44.5,162.7,,01/05/2004,12.4
552,2004,6,21.2,11.2,0,34,190.9,,01/06/2004,16.2
553,2004,7,22,11.6,0,59.3,173.8,,01/07/2004,16.8
554,2004,8,24,14.1,0,70.7,184.8,,01/08/2004,19.05
555,2004,9,20.6,11.1,0,18.7,169.8,,01/09/2004,15.85
556,2004,10,15,7.8,0,67.2,99,,01/10/2004,11.4
557,2004,11,10.5,5.5,3,45.4,56.6,,01/11/2004,8
558,2004,12,8.4,2.5,9,32.2,51.4,,01/12/2004,5.45
559,2005,1,9.2,3.1,5,28.3,66.3,,01/01/2005,6.15
560,2005,2,7.1,1.9,9,22.3,67,,01/02/2005,4.5
561,2005,3,10.7,3.8,7,19.8,66,,01/03/2005,7.25
562,2005,4,14.2,4.3,4,27.7,130.6,,01/04/2005,9.25
563,2005,5,16.6,7,0,47.4,197.6,,01/05/2005,11.8
564,2005,6,21.8,10.9,0,47.1,175.8,,01/06/2005,16.35
565,2005,7,22,12.8,0,43.7,157.5,,01/07/2005,17.4
566,2005,8,22.6,11.5,0,53.3,182.5,,01/08/2005,17.05
567,2005,9,21.1,11.3,0,166.2,148.1,,01/09/2005,16.2
568,2005,10,17.4,10.5,0,61.2,107.1,,01/10/2005,13.95
569,2005,11,10.1,3,9,47.2,101,,01/11/2005,6.55
570,2005,12,7.8,1.8,10,18,75.1,,01/12/2005,4.8
571,2006,1,7,1.5,12,19.8,48.8,,01/01/2006,4.25
572,2006,2,7,1.5,5,25.2,71.1,,01/02/2006,4.25
573,2006,3,9,1.7,12,35.9,105.2,,01/03/2006,5.35
574,2006,4,13.5,5.1,3,30.1,144.5,,01/04/2006,9.3
575,2006,5,17.4,8.7,0,62.8,155.7,,01/05/2006,13.05
576,2006,6,22.5,11.2,0,18.9,220.2,,01/06/2006,16.85
577,2006,7,28.3,14.1,0,45.1,253.5,,01/07/2006,21.2
578,2006,8,21.5,12.2,0,74.9,152.5,,01/08/2006,16.85
579,2006,9,22.7,13.4,0,50,164.7,,01/09/2006,18.05
580,2006,10,17.5,10.5,0,43.2,111.4,,01/10/2006,14
581,2006,11,12.5,5.1,2,64.8,109,,01/11/2006,8.8
582,2006,12,9.7,3.3,6,50.5,41,,01/12/2006,6.5
583,2007,1,10.4,3.8,5,68.5,66.2,,01/01/2007,7.1
584,2007,2,9.7,2.3,8,50.9,70.4,,01/02/2007,6
585,2007,3,12.1,,,25.7,161.1,,01/03/2007,
586,2007,4,17.1,,,1,183.1,,01/04/2007,
587,2007,5,16.9,,,124.3,121.7,,01/05/2007,
588,2007,6,20.4,11.1,0,59,148.9,,01/06/2007,15.75
589,2007,7,21.6,11,0,62.1,189.7,,01/07/2007,16.3
590,2007,8,21.6,10.8,0,51.1,180.4,,01/08/2007,16.2
591,2007,9,19.5,10,0,25.2,158.1,,01/09/2007,14.75
592,2007,10,15.2,7.2,0,56.4,97.3,,01/10/2007,11.2
593,2007,11,11.1,3.7,5,36.3,77.2,,01/11/2007,7.4
594,2007,12,8.5,1.9,12,38.2,51.9,,01/12/2007,5.2
595,2008,1,10.3,3.8,0,58,63.2,,01/01/2008,7.05
596,2008,2,9.9,0.6,11,12.8,105.2,,01/02/2008,5.25
597,2008,3,10.1,3,5,68.9,117,,01/03/2008,6.55
598,2008,4,13.1,3.8,3,50.8,158.2,,01/04/2008,8.45
599,2008,5,19,7.9,0,62.9,173.9,,01/05/2008,13.45
600,2008,6,19.7,10.4,0,34.6,181.8,,01/06/2008,15.05
601,2008,7,22.8,12.4,0,52.1,188.1,,01/07/2008,17.6
602,2008,8,22.3,13.3,0,64.7,122.7,,01/08/2008,17.8
603,2008,9,18.6,9.6,0,59.5,103.3,,01/09/2008,14.1
604,2008,10,14.4,6.1,1,56.2,130.3,,01/10/2008,10.25
605,2008,11,10.3,4.7,5,68.8,55.5,,01/11/2008,7.5
606,2008,12,6.6,1.4,11,21.3,68,,01/12/2008,4
607,2009,1,5.8,0.2,13,40.9,46.2,,01/01/2009,3
608,2009,2,7.1,1.8,13,47.9,42.1,,01/02/2009,4.45
609,2009,3,11.9,2.8,6,32.2,149.7,,01/03/2009,7.35
610,2009,4,15.6,5.4,0,12.6,166.1,,01/04/2009,10.5
611,2009,5,18.3,7.7,0,28.4,204,,01/05/2009,13
612,2009,6,20.9,10.2,0,,,,01/06/2009,15.55
613,2009,7,22.5,12.1,0,71,,,01/07/2009,17.3
614,2009,8,23.6,13.1,0,58.6,,,01/08/2009,18.35
615,2009,9,20.1,10.5,0,10,,,01/09/2009,15.3
616,2009,10,15.7,8.3,0,32.2,,,01/10/2009,12
617,2009,11,12,6.5,0,89.8,,,01/11/2009,9.25
618,2009,12,6.2,0.6,12,63.2,,,01/12/2009,3.4
619,2010,1,3.9,-0.4,15,46.6,,,01/01/2010,1.75
620,2010,2,6.1,0.4,12,70.6,,,01/02/2010,3.25
621,2010,3,10.9,2.8,9,26.2,,,01/03/2010,6.85
622,2010,4,14.9,3.7,3,12.5,,,01/04/2010,9.3
623,2010,5,16.5,5.9,2,28.6,,,01/05/2010,11.2
624,2010,6,21.6,10,0,25.4,,,01/06/2010,15.8
625,2010,7,24.6,13.8,0,10.8,,,01/07/2010,19.2
626,2010,8,21,12.2,0,133.2,,,01/08/2010,16.6
627,2010,9,19,10.5,0,46.4,,,01/09/2010,14.75
628,2010,10,14.7,7.7,0,39,,,01/10/2010,11.2
629,2010,11,8.4,3,9,22.4,,,01/11/2010,5.7
630,2010,12,2.8,-2.7,23,19.8,,,01/12/2010,0.05
631,2011,1,6.8,2.2,7,52.4,,,01/01/2011,4.5
632,2011,2,9.6,4,2,28.2,,,01/02/2011,6.8
633,2011,3,11.6,2.7,5,1.8,,,01/03/2011,7.15
634,2011,4,18.6,6.5,0,2,,,01/04/2011,12.55
635,2011,5,18.7,7.8,1,12.8,,,01/05/2011,13.25
636,2011,6,20.3,9.9,0,53,,,01/06/2011,15.1
637,2011,7,21.2,10.9,0,,,,01/07/2011,16.05
638,2011,8,21.6,11.9,0,40.2,,,01/08/2011,16.75
639,2011,9,21.2,11.3,0,31.6,,,01/09/2011,16.25
640,2011,10,17.9,9.3,0,15.8,,,01/10/2011,13.6
641,2011,11,13.3,6.6,2,28,,,01/11/2011,9.95
642,2011,12,9.1,3.2,3,43,,,01/12/2011,6.15
643,2012,1,9.1,2.8,7,39,,,01/01/2012,5.95
644,2012,2,7,0.1,12,17.4,,,01/02/2012,3.55
645,2012,3,13.3,2.6,5,23.4,,,01/03/2012,7.95
646,2012,4,12.2,3.9,2,95.6,,,01/04/2012,8.05
647,2012,5,16.9,7.9,0,42.6,,,01/05/2012,12.4
648,2012,6,18.5,10.4,0,91.4,,,01/06/2012,14.45
649,2012,7,21.2,12,0,101.4,,,01/07/2012,16.6
650,2012,8,23.5,12.9,0,39.2,,,01/08/2012,18.2
651,2012,9,19.3,8.9,0,30,,,01/09/2012,14.1
652,2012,10,13.5,6.9,0,78.6,,,01/10/2012,10.2
653,2012,11,10,4,2,71,,,01/11/2012,7
654,2012,12,8.1,2.1,10,,,,01/12/2012,5.1
655,2013,1,5.8,0.5,16,39.8,,,01/01/2013,3.15
656,2013,2,6,0.6,9,19.6,,,01/02/2013,3.3
657,2013,3,6.2,0.1,16,38.6,,,01/03/2013,3.15
658,2013,4,13.2,3.4,11,26.4,,,01/04/2013,8.3
659,2013,5,15.9,6.1,1,52,,,01/05/2013,11
660,2013,6,19.2,9.7,0,14.2,,,01/06/2013,14.45
661,2013,7,25.1,12.8,0,32.8,,,01/07/2013,18.95
662,2013,8,23.5,13,0,48.2,,,01/08/2013,18.25
663,2013,9,19,10,0,34.8,,,01/09/2013,14.5
664,2013,10,16.2,9.8,0,78.2,,,01/10/2013,13
665,2013,11,9.6,3.7,2,40.2,,,01/11/2013,6.65
666,2013,12,9.7,3.1,1,36,,,01/12/2013,6.4
667,2014,1,9.2,3.1,4,103.6,,,01/01/2014,6.15
668,2014,2,9.8,3.8,0,61.2,,,01/02/2014,6.8
669,2014,3,13.4,3.4,4,17.4,,,01/03/2014,8.4
670,2014,4,15.9,6.3,2,13.8,,,01/04/2014,11.1
671,2014,5,17.7,8.7,0,84.6,,,01/05/2014,13.2
672,2014,6,20.8,10.7,0,44.4,,,01/06/2014,15.75
673,2014,7,24.4,13.5,0,49.2,,,01/07/2014,18.95
674,2014,8,21,11.8,0,126.8,,,01/08/2014,16.4
675,2014,9,20.5,11,0,23,,,01/09/2014,15.75
676,2014,10,17,9.9,0,67.2,,,01/10/2014,13.45
677,2014,11,11.9,5.8,3,58.4,,,01/11/2014,8.85
678,2014,12,8.5,2.8,8,40.2,,,01/12/2014,5.65
679,2015,1,8,1.3,12,46.7,,,01/01/2015,4.65
680,2015,2,7.4,1.2,10,30.8,,,01/02/2015,4.3
681,2015,3,11.1,3.1,4,19.4,,,01/03/2015,7.1
682,2015,4,15,4.1,0,20.2,,,01/04/2015,9.55
683,2015,5,16.5,7.5,2,42.2,,,01/05/2015,12
684,2015,6,20.3,9.5,0,19,,,01/06/2015,14.9
685,2015,7,22.5,12.3,0,78.8,,,01/07/2015,17.4
686,2015,8,22.2,12.7,0,47.4,,,01/08/2015,17.45
687,2015,9,18.1,8.6,0,32.8,,,01/09/2015,13.35
688,2015,10,15.1,7.8,0,49.8,,,01/10/2015,11.45
689,2015,11,13.3,6.7,2,49,,,01/11/2015,10
690,2015,12,13.2,7.6,0,49.8,,,01/12/2015,10.4
691,2016,1,8.7,2.6,4,49.8,,,01/01/2016,5.65
692,2016,2,8.8,1.9,11,24.6,,,01/02/2016,5.35
693,2016,3,10,1.9,8,50.4,,,01/03/2016,5.95
694,2016,4,12.4,3.6,3,58.8,,,01/04/2016,8
695,2016,5,17.7,7.8,0,39.4,,,01/05/2016,12.75
696,2016,6,19.7,11.4,0,66.4,,,01/06/2016,15.55
697,2016,7,23.2,13.1,0,18.2,,,01/07/2016,18.15
698,2016,8,23.9,12.7,0,44,,,01/08/2016,18.3
699,2016,9,21.8,12.6,0,45.2,,,01/09/2016,17.2
700,2016,10,15,7.2,0,19.6,,,01/10/2016,11.1
701,2016,11,9.6,2.4,6,56.8,,,01/11/2016,6
702,2016,12,9.4,2.4,9,25.4,,,01/12/2016,5.9
703,2017,1,6.7,0.5,15,48,,,01/01/2017,3.6
704,2017,2,9.3,3.8,1,43.4,,,01/02/2017,6.55
705,2017,3,13.4,5.2,1,29.8,,,01/03/2017,9.3
706,2017,4,14.5,4.8,2,12.8,,,01/04/2017,9.65
707,2017,5,18.6,8.8,0,64.8,,,01/05/2017,13.7
708,2017,6,21.9,12.6,0,59,,,01/06/2017,17.25
709,2017,7,22.1,13.2,0,94.8,,,01/07/2017,17.65
710,2017,8,21.5,11.9,0,64.2,,,01/08/2017,16.7
711,2017,9,18.3,9.8,0,58.6,,,01/09/2017,14.05
712,2017,10,16.3,9.1,0,22.4,,,01/10/2017,12.7
713,2017,11,10.2,3.6,4,36.6,,,01/11/2017,6.9
714,2017,12,7.5,1.9,11,70.8,,,01/12/2017,4.7
715,2018,1,8.5,2.4,7,47.4,,,01/01/2018,5.45
716,2018,2,5.9,-0.3,17,32,,,01/02/2018,2.8
717,2018,3,8.7,1.9,6,64.2,,,01/03/2018,5.3
718,2018,4,14.2,6.6,0,64.6,,,01/04/2018,10.4
719,2018,5,19.1,7.6,0,43.8,,,01/05/2018,13.35
720,2018,6,22,10.7,0,0.8,,,01/06/2018,16.35
721,2018,7,26.7,13.6,0,12.4,,,01/07/2018,20.15
722,2018,8,23.1,13.1,0,62.8,,,01/08/2018,18.1
723,2018,9,19.9,9.5,0,23.6,,,01/09/2018,14.7
724,2018,10,15.8,7.1,2,61.4,,,01/10/2018,11.45
725,2018,11,11.4,5.2,1,29.6,,,01/11/2018,8.3
726,2018,12,9.8,4.2,2,55.2,,,01/12/2018,7
727,2019,1,6.7,1,13,22.1,,,01/01/2019,3.85
728,2019,2,11.6,1.7,11,26.6,,,01/02/2019,6.65
729,2019,3,12.2,4.5,1,37.4,,,01/03/2019,8.35
730,2019,4,15,2.8,7,10.8,,,01/04/2019,8.9
731,2019,5,17.1,6.6,0,41.4,,,01/05/2019,11.85
732,2019,6,20.1,10.8,0,79.2,,,01/06/2019,15.45
733,2019,7,24.1,13.4,0,43.4,,,01/07/2019,18.75
734,2019,8,24.2,12.7,0,35.8,,,01/08/2019,18.45
735,2019,9,20.2,10.2,0,62.4,,,01/09/2019,15.2
736,2019,10,14.3,6.9,1,78,,,01/10/2019,10.6
737,2019,11,9.3,3.6,5,57,,,01/11/2019,6.45
738,2019,12,9,3,6,75.4,,,01/12/2019,6
739,2020,1,9.1,3.9,4,49.8,,,01/01/2020,6.5
740,2020,2,10.2,3.2,4,66,,,01/02/2020,6.7
741,2020,3,11.1,2.5,4,18.8,,,01/03/2020,6.8
742,2020,4,16.8,4.6,1,29.8,,,01/04/2020,10.7
743,2020,5,19.4,6.7,2,1.6,,,01/05/2020,13.05
744,2020,6,21.2,10.6,0,47.2,,,01/06/2020,15.9
745,2020,7,21.9,12.4,0,50.6,,,01/07/2020,17.15
746,2020,8,23.9,14.3,0,104,,,01/08/2020,19.1
747,2020,9,20.1,9.8,0,51.4,,,01/09/2020,14.95
748,2020,10,14.1,8.2,0,116.4,,,01/10/2020,11.15
749,2020,11,12,5.3,2,30.8,,,01/11/2020,8.65
750,2020,12,7.4,2.6,8,97.3,,,01/12/2020,5
751,2021,1,5.7,0.6,14,81,,,01/01/2021,3.15
752,2021,2,8.3,2,12,46.2,,,01/02/2021,5.15
753,2021,3,10.8,3.5,3,39,,,01/03/2021,7.15
754,2021,4,11.7,1.1,13,2.8,,,01/04/2021,6.4
755,2021,5,15.3,6.4,1,73.8,,,01/05/2021,10.85
756,2021,6,21.2,12.1,0,44.2,,,01/06/2021,16.65
757,2021,7,23.5,13.2,0,52.6,,,01/07/2021,18.35
758,2021,8,21.1,12.6,0,16.4,,,01/08/2021,16.85
759,2021,9,21.8,12,0,78,,,01/09/2021,16.9
760,2021,10,16.2,9,0,70.4,,,01/10/2021,12.6
761,2021,11,11,4.3,6,14.6,,,01/11/2021,7.65
762,2021,12,9.3,4.3,1,63.8,,,01/12/2021,6.8
763,2022,1,8.4,1.2,14,16.6,,,01/01/2022,4.8
764,2022,2,10.9,3.6,2,58.8,,,01/02/2022,7.25
765,2022,3,12.9,3.7,1,33.8,,,01/03/2022,8.3
766,2022,4,15.1,4.3,4,5.2,,,01/04/2022,9.7
767,2022,5,18.9,8.9,0,32.4,,,01/05/2022,13.9
768,2022,6,21.6,10.2,0,34.4,,,01/06/2022,15.9
769,2022,7,26.1,13.3,0,1,,,01/07/2022,19.7
770,2022,8,26.6,13.4,0,21.2,,,01/08/2022,20
771,2022,9,20.4,10.7,0,32,,,01/09/2022,15.55
772,2022,10,18.3,9.4,0,74.2,,,01/10/2022,13.85
773,2022,11,12.6,7,0,96.2,,,01/11/2022,9.8
774,2022,12,7,0.1,11,40.2,,,01/12/2022,3.55
775,2023,1,8.7,1.7,10,31.6,,Provisional,01/01/2023,5.2
776,2023,2,10.8,2.6,10,7.2,,Provisional,01/02/2023,6.7
777,2023,3,11,4.3,4,113.8,,Provisional,01/03/2023,7.65
778,2023,4,14,4.8,2,41.8,,Provisional,01/04/2023,9.4
779,2023,5,17.2,8,0,,,Provisional,01/05/2023,12.6
780,2023,6,24,11.3,0,25,,Provisional,01/06/2023,17.65
781,2023,7,22.6,12.6,0,62.8,,Provisional,01/07/2023,17.6
782,2023,8,23.1,12.2,0,62.4,,Provisional,01/08/2023,17.65
783,2023,9,23.8,12.7,0,60.8,,Provisional,01/09/2023,18.25
784,2023,10,17.5,9.4,0,138.6,,Provisional,01/10/2023,13.45
785,2023,11,10.9,4.5,4,54.8,,Provisional,01/11/2023,7.7
786,2023,12,10.1,5,5,67.6,,Provisional,01/12/2023,7.55
787,2024,1,8.1,2.4,9,51.6,,Provisional,01/01/2024,5.25
